iter	Logloss
0	0.2846608571
1	0.1606042045
2	0.08542763165
3	0.06050716128
4	0.04323648044
5	0.03712077481
6	0.0271128978
7	0.02135869094
8	0.0178666251
9	0.01431923083
